member_id,full_name,gender,birth_year,phone,register_date,home_branch
M0001,วรรณภา สุวรรณรัตน์,F,2007,+66643327781,2024-06-21,cmu
M0002,เอกชัย สุขสวัสดิ์,M,1992,060 313 5205,2023-02-27,thaphae
M0003,สิทธิชัย วงศ์ใหญ่,M,,+66803678310,2023-06-10,nimman
M0004,ปวีณา สุขสวัสดิ์,F,1995,0980043575,2023-10-09,thaphae
M0005,กมลชนก ศรีสุข,F,2005,064-334-2626,2025-04-02,cmu
M0006,นพดล คำแสน,M,1996,+66810803698,2023-05-31,nimman
M0007,ภาคิน เชียงทอง,M,,088 999 8416,2023-08-30,cmu
M0008,ณัฐวุฒิ ยอดเมือง,M,2008,085-753-8374,2023-01-30,cmu
M0009,วรรณภา ปัญญาดี,F,2008,+66922427183,2024-09-06,nimman
M0010,นพดล แก้วมณี,M,1989,083 456 6803,2023-01-02,nimman
M0011,ชนิดา อินทร์แก้ว,F,,+66618804848,2025-10-21,nimman
M0012,ชยพล อินทร์แก้ว,M,1975,091-360-2804,2023-08-15,nimman
M0013,ปกรณ์ ปิ่นแก้ว,M,2006,098 133 3205,2024-01-27,cmu
M0014,สุภาวดี พรหมมา,F,1997,+66680960710,2023-05-07,nimman
M0015,กฤษดา นันทะ,M,2003,067-186-5194,2023-02-18,cmu
M0016,กิตติพัฒน์ สมบูรณ์,M,2007,0859891893,2024-06-30,cmu
M0017,ธิดารัตน์ เชียงทอง,F,2005,063-754-1632,2023-07-31,cmu
M0018,กมลชนก เรือนคำ,F,,+66936444863,2025-10-11,nimman
M0019,อนุชา บุญมา,M,2007,084 953 4263,2024-08-30,thaphae
M0020,เอกชัย แสงทอง,M,1993,0903157938,2023-08-23,nimman
M0021,พัชรินทร์ ธรรมวงศ์,F,2006,098 991 5169,2023-02-27,cmu
M0022,ศุภชัย แสงทอง,M,1989,0659060969,2024-09-08,thaphae
M0023,ชนิดา เรือนคำ,F,2008,084-244-0579,2023-12-29,nimman
M0024,นพดล ศรีวิชัย,M,1985,082 614 7142,2024-08-10,thaphae
M0025,จิราพร คำแสน,F,1998,061-959-8531,2023-04-21,thaphae
M0026,ศิริพร กาวิละ,F,1995,099-769-4931,2024-04-02,thaphae
M0027,ธิดารัตน์ อุดมศักดิ์,F,1999,082-737-8009,2024-07-23,nimman
M0028,ศิริพร คำแสน,F,2007,096 137 6105,2024-05-20,cmu
M0029,ธีรภัทร แก้วมณี,M,2006,0914310591,2024-03-19,cmu
M0030,สมหญิง แก้วมณี,F,1988,096 988 6341,2024-04-17,thaphae
M0031,นันทนา คำมูล,F,2002,099 602 7535,2025-09-15,nimman
M0032,ชนิดา อินต๊ะ,F,2004,061-200-8917,2024-08-08,nimman
M0033,สมหญิง จันทร์หอม,F,1995,064 901 9237,2023-07-27,thaphae
M0034,พัชรินทร์ กันยา,F,1981,0681758196,2025-07-11,nimman
M0035,นพดล สมบูรณ์,M,1989,0853598294,2025-02-10,thaphae
M0036,ณัฐธิดา ศรีสุข,,2006,083-131-0705,2025-05-03,cmu
M0037,ปิยะดา กันยา,F,,080-318-2298,2023-08-28,cmu
M0038,ธิดารัตน์ สายสุข,F,2008,082 503 1901,2023-08-02,cmu
M0039,กัญญาณัฐ ศรีสุข,F,2004,+66967258866,2025-08-04,cmu
M0040,ธนากร ศรีสุข,M,2000,+66924469833,2025-04-23,thaphae
M0041,เอกชัย อินทร์แก้ว,M,2003,0861614827,2025-03-01,cmu
M0042,ณัฐธิดา อินต๊ะ,F,2001,0615455059,2024-04-23,nimman
M0043,กัญญาณัฐ วงศ์ใหญ่,F,1982,064-907-5227,2024-11-29,thaphae
M0044,มณีรัตน์ เชียงทอง,F,1979,098-247-0887,2024-12-10,nimman
M0045,ภาคิน ทองดี,M,2006,088-763-3467,2025-01-05,cmu
M0046,กิตติพัฒน์ สุวรรณรัตน์,M,1988,098-350-7445,2023-08-24,thaphae
M0047,ชยพล อินต๊ะ,M,2003,096 172 8725,2023-05-02,cmu
M0048,ธนากร วงศ์ใหญ่,M,1977,0923518771,2025-02-14,thaphae
M0049,พงศกร สุวรรณรัตน์,,2005,0613223317,2024-08-25,nimman
M0050,ภูมิพัฒน์ ไชยวงศ์,M,2008,087-571-8244,2025-06-17,cmu
M0051,นพดล ปันแก้ว,M,1990,084 337 2971,2023-12-10,nimman
M0052,อนุชา ศักดิ์ดี,M,1988,0638392570,2025-10-15,nimman
M0053,พัชรินทร์ สุวรรณรัตน์,F,,099-464-8895,2025-05-16,cmu
M0054,อนุชา แก้วมณี,M,2006,0944444457,2024-08-27,cmu
M0055,สมชาย ศักดิ์ดี,M,,087-087-9681,2025-09-01,thaphae
M0056,พงศกร แสงทอง,M,1993,066 694 3956,2023-11-21,nimman
M0057,สิทธิชัย สุวรรณรัตน์,M,1999,+66997408066,2023-07-30,nimman
M0058,ณัฐธิดา คำมูล,F,1994,069-712-6984,2023-09-15,nimman
M0059,อัญชิสา นันทะ,F,1991,+66849462776,2025-04-25,nimman
M0060,มณีรัตน์ บุญมา,F,2004,060-553-9802,2023-08-16,nimman
M0061,มณีรัตน์ สายสุข,F,2007,+66833713211,2023-08-03,cmu
M0062,วรรณภา ปันแก้ว,,2008,096-761-9146,2024-03-17,cmu
M0063,กฤษดา จันทร์แก้ว,M,2002,087-904-4121,2023-07-22,thaphae
M0064,อนุชา ธรรมวงศ์,M,2005,089 586 2621,2023-10-06,cmu
M0065,วรรณภา ทาคำ,F,1988,062-486-3200,2023-06-27,nimman
M0066,สมหญิง วงศ์ใหญ่,F,,099 682 8025,2023-02-25,cmu
M0067,นพดล สุขสวัสดิ์,M,2000,0976117191,2025-03-08,thaphae
M0068,จิราพร ปัญญาดี,,2006,+66670817624,2023-05-10,cmu
M0069,จิราพร อุดมศักดิ์,F,1994,+66958387997,2023-09-28,nimman
M0070,พิมพ์ชนก ธรรมวงศ์,F,2006,0613749078,2025-10-02,cmu
M0071,จิรายุ อินทร์แก้ว,M,,094-092-0546,2025-08-16,thaphae
M0072,ธิดารัตน์ สุวรรณรัตน์,,1993,0994873272,2024-01-04,nimman
M0073,เบญญาภา บัวบาน,,2007,0604297356,2024-06-26,cmu
M0074,อนุชา ทองดี,M,1997,060 834 9803,2025-03-31,nimman
M0075,ปิยะดา สายสุข,F,1997,082 554 7727,2023-09-10,nimman
M0076,ปิยะดา ทาคำ,,1997,086 379 5141,2024-05-07,nimman
M0077,ภาคิน สุวรรณรัตน์,M,2006,+66680395112,2025-11-30,cmu
M0078,ศิริพร สมบูรณ์,F,1997,061 221 0113,2023-03-20,thaphae
M0079,ณัฐวุฒิ มีสุข,,1992,098-750-7064,2025-08-23,thaphae
M0080,สุภาวดี ทาคำ,F,2008,+66947314014,2025-05-22,cmu
M0081,สิทธิชัย ยอดเมือง,M,1979,068 639 6688,2023-03-27,nimman
M0082,ชยพล บุญมา,M,2004,096 691 2952,2023-11-14,cmu
M0083,เบญญาภา สุวรรณรัตน์,F,2001,086-913-6665,2025-01-17,cmu
M0084,ปกรณ์ จันทร์แก้ว,M,,090 923 4877,2023-09-17,nimman
M0085,อัญชิสา ใจดี,F,1992,0645406799,2024-06-22,thaphae
M0086,เบญญาภา ศรีสุข,F,2003,0804564593,2024-06-24,cmu
M0087,อัญชิสา พรหมมา,F,2008,091 421 0506,2024-04-17,cmu
M0088,พิมพ์ชนก ใจมา,F,,0859119914,2024-11-17,cmu
M0089,ชนิดา แก้วมณี,,,087-122-9951,2025-04-07,nimman
M0090,ณัฐธิดา สมบูรณ์,F,2008,0623262657,2025-12-23,thaphae
M0091,มณีรัตน์ เรือนคำ,F,,0684932356,2025-06-30,thaphae
M0092,สมชาย จันทร์หอม,M,1978,+66999957920,2023-12-18,nimman
M0093,ปวีณา ปิ่นแก้ว,F,2005,+66964467834,2023-12-29,cmu
M0094,ศุภชัย จันทร์แก้ว,M,2006,+66640217951,2023-01-24,nimman
M0095,นพดล จันทร์หอม,M,1990,062-600-0958,2023-01-24,nimman
M0096,ธนากร มีสุข,M,2005,084-643-0486,2025-09-04,thaphae
M0097,อนุชา ปิ่นแก้ว,M,1986,+66956182861,2025-03-04,nimman
M0098,เบญญาภา อินต๊ะ,F,2008,+66939473727,2023-02-20,cmu
M0099,สุภาวดี เชียงทอง,F,1992,0845626675,2025-06-06,nimman
M0100,เอกชัย จันทร์แก้ว,,2007,096 621 0825,2024-05-13,cmu
M0101,ธนวัฒน์ คำมูล,M,2008,099-426-9503,2025-10-09,cmu
M0102,นพดล แสงทอง,M,1991,0691929157,2023-03-27,thaphae
M0103,ชนิดา มอรสิล,F,2008,+66946551677,2023-03-24,thaphae
M0104,ปิยะดา ศรีวิชัย,F,2003,0655399170,2024-02-09,cmu
M0105,วรเมธ คำมูล,M,1996,099-570-2986,2024-02-19,nimman
M0106,อนุชา ปัญญาดี,M,2000,+66991206695,2023-06-14,thaphae
M0107,เบญญาภา เชียงทอง,F,,080-447-7125,2024-01-02,nimman
M0108,อรอุมา กาวิละ,F,2002,+66848926113,2025-08-27,thaphae
M0109,สิทธิชัย มีสุข,M,2006,086 105 2412,2024-04-27,cmu
M0110,ธิดารัตน์ ปัญญาดี,F,2006,+66906633367,2023-04-29,cmu
M0111,กฤษดา สายสุข,M,1988,0837803852,2024-10-11,nimman
M0112,ปิยะดา กาวิละ,F,,+66647107893,2023-01-25,nimman
M0113,ณัฐธิดา ดวงดี,F,,067 562 9997,2023-02-16,cmu
M0114,อัญชิสา ปันแก้ว,F,2005,063 091 0041,2025-07-11,cmu
M0115,พัชรินทร์ สมบูรณ์,F,1977,084 012 0799,2023-10-19,nimman
M0116,เอกชัย ศรีสุข,M,2004,0897599928,2024-07-06,cmu
M0117,นพดล บุญมา,M,,098-833-5992,2023-07-24,thaphae
M0118,กฤษดา ใจดี,M,1991,+66927641563,2023-10-16,nimman
M0119,ชยพล ปัญญาดี,M,1975,094 631 8052,2023-08-23,nimman
M0120,ชยพล สุวรรณรัตน์,M,1986,094 519 2673,2023-05-24,thaphae
M0121,อัญชิสา อินต๊ะ,F,,+66874769435,2023-06-28,thaphae
M0122,ปวีณา พรหมมา,F,2549,096 300 9622,2023-02-13,cmu
M0123,อนุชา ดวงดี,M,1995,0603221934,2024-02-26,nimman
M0124,อนุชา สมบูรณ์,M,1989,0902227593,2025-10-13,nimman
M0125,นันทนา ธรรมวงศ์,F,2007,087 077 8481,2024-04-20,cmu
M0126,นันทนา ปัญญาดี,F,2004,089-409-9470,2023-04-13,cmu
M0127,ธนากร ใจมา,M,2006,067-865-8307,2023-10-30,cmu
M0128,พงศกร ทองดี,M,2004,092 938 4081,2023-10-24,cmu
M0129,นพดล วงศ์ใหญ่,,1988,0650442350,2023-06-16,thaphae
M0130,พัชรินทร์ หลวงแสน,,1989,098 926 9074,2025-11-25,nimman
M0131,สิทธิชัย ศักดิ์ดี,M,1990,091-283-5321,2025-10-14,thaphae
M0132,ปวีณา ปันแก้ว,,1999,080-351-8005,2024-07-14,nimman
M0133,รัชนีกร ทาคำ,F,2000,099 282 1231,2024-10-05,nimman
M0134,ธนากร บัวบาน,M,2007,+66617974382,2024-06-12,cmu
M0135,สมชาย ศรีสุข,M,1967,099 693 3336,2024-05-10,thaphae
M0136,ชยพล ธรรมวงศ์,M,2005,0624760501,2024-12-16,cmu
M0137,วรรณภา ทองดี,F,2008,069 874 8418,2023-12-17,nimman
M0138,สุภาวดี อุดมศักดิ์,F,1986,0604352631,2023-08-04,nimman
M0139,กัญญาณัฐ ธรรมวงศ์,F,1994,0836597032,2024-10-05,nimman
M0140,ศิริพร แก้วมณี,F,1997,067-307-4965,2025-12-16,thaphae
M0141,ธนากร บุญมา,M,2007,081 770 5078,2025-08-09,cmu
M0142,ปวีณา สุวรรณรัตน์,F,2005,098 580 0057,2023-08-25,cmu
M0143,เบญญาภา มอรสิล,F,1988,+66818377326,2023-04-13,thaphae
M0144,ธิดารัตน์ ใจดี,F,2001,082-191-7562,2023-12-03,thaphae
M0145,เอกชัย นันทะ,M,2007,090 809 7993,2025-04-08,nimman
M0146,อรอุมา บัวบาน,F,2003,083 755 4256,2025-09-10,cmu
M0147,สิทธิชัย คำแสน,M,1991,+66817312211,2025-04-16,thaphae
M0148,สุภาวดี สมบูรณ์,,2005,+66600470223,2025-12-15,cmu
M0149,สมชาย ปัญญาดี,M,1997,094-851-3383,2023-06-01,nimman
M0150,กัญญาณัฐ บุญมา,,2004,0635560316,2023-03-17,cmu
M0151,ธีรภัทร คำมูล,M,2003,080 987 8003,2023-01-27,cmu
M0152,มณีรัตน์ คำแสน,F,2008,095-742-7840,2024-07-02,nimman
M0153,วีรภาพ เชียงทอง,M,,060-240-8169,2025-01-20,thaphae
M0154,กิตติพัฒน์ ปิ่นแก้ว,M,1972,095-244-3637,2023-10-02,nimman
M0155,ธนวัฒน์ เชียงทอง,M,2008,+66865146980,2023-09-18,nimman
M0156,พงศกร มีสุข,M,1997,087-192-0371,2023-03-20,nimman
M0157,อรอุมา ศักดิ์ดี,F,,+66903519923,2023-07-27,cmu
M0158,รัชนีกร วงศ์ใหญ่,F,1987,087 674 8382,2023-09-28,nimman
M0159,สิทธิชัย ปิ่นแก้ว,M,2003,099-569-9441,2024-08-11,cmu
M0160,ภาคิน วงศ์ใหญ่,M,2003,065 108 9710,2023-08-05,cmu
M0161,ปกรณ์ ปัญญาดี,M,2006,0671006862,2025-04-09,cmu
M0162,พิมพ์ชนก ปันแก้ว,F,2006,0939619051,2024-12-28,thaphae
M0163,สุภาวดี หลวงแสน,F,2008,0910265348,2024-09-17,cmu
M0164,ธนากร นันทะ,M,1998,+66653667162,2025-05-15,nimman
M0165,ปวีณา ทาคำ,F,,061 128 5985,2025-01-13,cmu
M0166,พิมพ์ชนก ดวงดี,F,2008,087-883-5952,2024-01-06,nimman
M0167,ธิดารัตน์ อินต๊ะ,F,2008,0952330713,2023-07-31,cmu
M0168,พิมพ์ชนก คำแสน,F,1993,0629123088,2024-02-24,nimman
M0169,เบญญาภา กาวิละ,F,2007,0841099986,2024-07-25,cmu
M0170,วีรภาพ บุญมา,M,2004,064 106 6794,2025-06-26,cmu
M0171,สิทธิชัย อินทร์แก้ว,M,1988,099-057-6846,2024-04-04,nimman
M0172,ธนวัฒน์ พรหมมา,M,2004,+66883102959,2023-08-24,nimman
M0173,กัญญาณัฐ ศักดิ์ดี,F,1987,+66662941990,2025-09-15,nimman
M0174,ปิยะดา ใจมา,F,2008,0965650099,2024-10-03,thaphae
M0175,ธนากร อุดมศักดิ์,M,2006,+66653504538,2023-10-01,cmu
M0176,พงศกร ปันแก้ว,M,,+66916392552,2024-06-30,cmu
M0177,สมหญิง หลวงแสน,F,2007,0969022248,2023-02-03,cmu
M0178,สมหญิง ปันแก้ว,,2002,085-663-3407,2023-04-20,cmu
M0179,ณัฐธิดา เรือนคำ,F,,095 674 8351,2024-11-09,cmu
M0180,นันทนา จันทร์แก้ว,F,2006,088 307 1306,2024-05-02,cmu
M0181,ธนวัฒน์ บัวบาน,M,1982,0848768768,2023-05-17,nimman
M0182,สุภาวดี ศรีสุข,,,+66949959448,2024-12-31,nimman
M0183,อรอุมา ทาคำ,F,2006,081-468-2760,2024-01-20,cmu
M0184,รัชนีกร ทองดี,F,2008,0870214213,2025-07-31,thaphae
M0185,พิมพ์ชนก กาวิละ,F,1992,0693259951,2024-04-07,thaphae
M0186,ภูมิพัฒน์ นันทะ,M,2005,0629054885,2024-11-21,cmu
M0187,ศุภชัย ปิ่นแก้ว,M,2007,092-283-1778,2025-04-12,cmu
M0188,พัชรินทร์ บุญมา,F,2004,068-379-7061,2025-07-15,cmu
M0189,ศุภชัย กาวิละ,M,1986,+66970499234,2024-09-11,thaphae
M0190,ภูมิพัฒน์ วงศ์ใหญ่,,1980,063-935-2145,2025-06-01,nimman
M0191,ชยพล กันยา,M,,094 365 4234,2024-05-31,thaphae
M0192,อัญชิสา ศรีวิชัย,F,2004,+66686703685,2025-07-23,cmu
M0193,อัญชิสา ทองดี,F,1994,067 327 6124,2024-07-13,nimman
M0194,จิรายุ แสงทอง,,1992,089 481 1885,2023-02-05,thaphae
M0195,เบญญาภา ใจดี,F,1998,0650378570,2024-05-27,nimman
M0196,กิตติพัฒน์ วงค์ชัย,M,1997,096 890 2328,2023-06-02,thaphae
M0197,เอกชัย ศรีวิชัย,M,1993,+66994045559,2025-06-03,thaphae
M0198,วรเมธ ยอดเมือง,M,1996,+66878731135,2025-09-04,nimman
M0199,วีรภาพ กาวิละ,M,1986,083 525 4710,2024-08-02,nimman
M0200,อัญชิสา ปิ่นแก้ว,F,,+66885127834,2025-05-07,cmu
M0201,ชยพล คำแสน,M,2008,0609207581,2023-03-30,nimman
M0202,ปวีณา ใจดี,F,1980,0965655467,2025-10-03,thaphae
M0203,กฤษดา ไชยวงศ์,M,1985,099-540-6088,2025-12-21,nimman
M0204,อัญชิสา มีสุข,F,1993,+66802763665,2024-07-16,nimman
M0205,สิทธิชัย บัวบาน,M,,061 062 3327,2025-01-27,nimman
M0206,อรอุมา ศรีสุข,F,2007,0935870472,2025-12-18,cmu
M0207,วรรณภา คำมูล,F,1993,0635677390,2024-06-23,thaphae
M0208,กมลชนก ศักดิ์ดี,F,2000,082-635-7719,2023-07-01,nimman
M0209,สมหญิง ไชยวงศ์,F,2002,0904045527,2024-10-15,nimman
M0210,ณัฐธิดา ยอดเมือง,F,2005,066 608 9999,2025-03-20,cmu
M0211,สิทธิชัย จันทร์หอม,M,2007,097-128-4542,2025-06-23,cmu
M0212,จิราพร ทองดี,F,2006,0925360173,2024-04-19,cmu
M0213,อนุชา ยอดเมือง,M,2007,095 825 0077,2024-02-17,cmu
M0214,ณัฐวุฒิ หลวงแสน,M,1997,+66935729469,2024-04-17,nimman
M0215,อรอุมา ยอดเมือง,F,2004,+66652351448,2023-05-16,cmu
M0216,ธิดารัตน์ กันยา,F,2007,080 768 4004,2023-10-01,cmu
M0217,พงศกร ปัญญาดี,M,1996,0843550111,2023-04-13,nimman
M0218,กิตติพัฒน์ ศักดิ์ดี,M,2004,0824049317,2023-05-19,cmu
M0219,ธิดารัตน์ ศรีวิชัย,F,1975,096 597 0394,2023-08-12,nimman
M0220,ธีรภัทร จันทร์หอม,M,2006,099 314 9436,2024-12-11,cmu
M0221,ธนวัฒน์ สุขสวัสดิ์,M,1986,095 678 1551,2025-01-07,thaphae
M0222,ชยพล ทาคำ,M,2003,0888027795,2023-01-09,cmu
M0223,นันทนา วงค์ชัย,F,2001,085 264 5433,2025-02-02,nimman
M0224,วีรภาพ สายสุข,M,2002,068 967 4737,2023-04-05,cmu
M0225,ภูมิพัฒน์ กาวิละ,M,2008,062-189-1627,2024-04-03,nimman
M0226,มณีรัตน์ สุวรรณรัตน์,F,1982,0989107114,2025-09-27,nimman
M0227,ภูมิพัฒน์ คำมูล,M,2005,0903269176,2025-11-27,cmu
M0228,พิมพ์ชนก ปิ่นแก้ว,,1992,065-338-2159,2023-07-20,nimman
M0229,มณีรัตน์ ปิ่นแก้ว,F,2005,089-954-8166,2025-02-16,cmu
M0230,วรรณภา แก้วมณี,F,2008,+66627076107,2023-09-22,cmu
M0231,สุภาวดี ทองดี,F,1990,0866798139,2024-08-24,nimman
M0232,กัญญาณัฐ วงค์ชัย,F,2006,+66828970686,2024-10-12,cmu
M0233,อรอุมา มีสุข,F,1980,097-655-1307,2025-04-02,nimman
M0234,พิมพ์ชนก ศรีวิชัย,F,1990,0965287792,2023-04-11,nimman
M0235,ธีรภัทร อุดมศักดิ์,,1995,0975415134,2023-06-04,nimman
M0236,อรอุมา อุดมศักดิ์,F,2004,093 473 0323,2023-09-09,nimman
M0237,ชนิดา มีสุข,F,1974,0603156832,2025-10-09,thaphae
M0238,ภาคิน วงค์ชัย,M,2007,086 697 2284,2023-04-17,cmu
M0239,วรรณภา สุขสวัสดิ์,F,2008,+66644611825,2023-10-23,cmu
M0240,จิรายุ บัวบาน,M,2002,088-330-4946,2023-07-19,cmu
M0241,ธนวัฒน์ ใจดี,M,2006,+66990857080,2025-09-19,cmu
M0242,สุภาวดี ศักดิ์ดี,F,1983,062-222-1263,2025-05-05,nimman
M0243,วีรภาพ ปิ่นแก้ว,M,2007,0947579381,2025-09-30,cmu
M0244,ชนิดา สายสุข,F,1979,060-203-3621,2023-07-06,thaphae
M0245,สมชาย มอรสิล,M,2000,0672606537,2024-12-08,thaphae
M0246,อัญชิสา มอรสิล,F,1991,0623756044,2024-11-23,nimman
M0247,ชนิดา จันทร์แก้ว,F,1991,062-619-3837,2024-05-12,nimman
M0248,ชยพล หลวงแสน,,,+66816679142,2025-09-13,nimman
M0249,กิตติพัฒน์ ทองดี,M,1982,097-585-0070,2024-02-17,nimman
M0250,พงศกร นันทะ,M,1974,080 284 6070,2025-02-18,nimman
M0251,นพดล มอรสิล,M,1993,+66853381314,2023-12-30,thaphae
M0252,ปกรณ์ หลวงแสน,M,1997,093-791-9910,2025-02-21,nimman
M0253,เบญญาภา กันยา,F,1876,081 508 6296,2025-01-05,cmu
M0254,อัญชิสา หลวงแสน,F,2008,090-187-3600,2024-07-09,cmu
M0255,พงศกร คำแสน,M,2004,+66610090971,2025-08-04,thaphae
M0256,ภูมิพัฒน์ เรือนคำ,M,1999,090 254 6267,2024-02-29,nimman
M0257,สมชาย กาวิละ,M,2005,099 573 9897,2024-12-12,cmu
M0258,เอกชัย ปิ่นแก้ว,M,1992,0802190631,2025-02-06,thaphae
M0259,สุภาวดี มีสุข,F,2006,+66672360820,2023-12-29,cmu
M0260,วรรณภา ศรีสุข,F,,0861178964,2023-08-02,nimman
M0261,พัชรินทร์ ยอดเมือง,F,2007,0811530510,2023-05-26,cmu
M0262,ภาคิน สุขสวัสดิ์,,1986,+66636895797,2023-11-25,thaphae
M0263,สมหญิง แสงทอง,F,1986,088 683 4195,2024-08-28,nimman
M0264,อัญชิสา ปัญญาดี,F,,+66880183251,2023-02-17,nimman
M0265,สมหญิง สุวรรณรัตน์,,1999,084-830-2419,2025-04-15,nimman
M0266,พงศกร สายสุข,M,1983,+66851667575,2025-06-16,thaphae
M0267,กัญญาณัฐ พรหมมา,F,2003,061 664 0021,2023-04-14,cmu
M0268,รัชนีกร ยอดเมือง,F,1993,084-001-4436,2025-02-27,nimman
M0269,กมลชนก แก้วมณี,F,2003,+66893794841,2023-01-29,cmu
M0270,ภูมิพัฒน์ ปันแก้ว,,1993,069-073-0902,2023-01-28,thaphae
M0271,ศุภชัย เชียงทอง,M,2004,+66695576424,2023-03-12,cmu
M0272,กิตติพัฒน์ อุดมศักดิ์,M,2007,+66633094771,2025-05-27,cmu
M0273,มณีรัตน์ อินทร์แก้ว,F,2005,088-855-2094,2023-10-29,cmu
M0274,ธีรภัทร ทาคำ,M,1978,083-355-8829,2024-07-24,nimman
M0275,ชนิดา กาวิละ,F,1989,081 654 6871,2024-10-07,nimman
M0276,นพดล ไชยวงศ์,M,2006,091 800 3242,2024-01-26,cmu
M0277,สมหญิง ทองดี,F,2004,086-831-3258,2024-10-15,cmu
M0278,ธนวัฒน์ ศักดิ์ดี,M,2002,+66863134085,2023-02-09,nimman
M0279,ธีรภัทร ใจมา,M,1993,064 606 9542,2025-11-10,thaphae
M0280,เบญญาภา ศรีวิชัย,F,1988,095-525-6959,2025-10-31,nimman
M0281,ณัฐวุฒิ บัวบาน,M,2005,+66962960278,2025-10-11,cmu
M0282,กิตติพัฒน์ เชียงทอง,M,1995,0968058454,2025-09-20,nimman
M0283,วรรณภา เชียงทอง,F,1995,092 857 1769,2023-05-27,thaphae
M0284,ศุภชัย ปันแก้ว,M,2005,+66924607700,2025-07-20,cmu
M0285,นพดล ธรรมวงศ์,M,,+66843135608,2025-08-19,thaphae
M0286,เบญญาภา ปัญญาดี,F,2000,+66859942701,2024-09-07,thaphae
M0287,ภูมิพัฒน์ สุวรรณรัตน์,M,1993,095-327-1008,2024-02-03,nimman
M0288,กฤษดา สุขสวัสดิ์,M,1990,+66672398068,2024-09-04,thaphae
M0289,ธนากร คำมูล,M,1987,097-291-9000,2025-05-17,nimman
M0290,สมหญิง ศักดิ์ดี,F,2006,0927707063,2023-11-26,cmu
M0291,เบญญาภา ทองดี,F,2000,+66947544356,2024-04-18,nimman
M0292,กัญญาณัฐ กันยา,F,1989,+66852437089,2024-09-08,thaphae
M0293,จิราพร จันทร์หอม,F,2006,+66877264259,2023-01-03,cmu
M0294,สมหญิง ทาคำ,F,1991,0982777334,2025-07-24,thaphae
M0295,อัญชิสา อินทร์แก้ว,F,2005,096 970 5744,2025-06-05,cmu
M0296,จิรายุ ปัญญาดี,M,2002,097 192 9498,2025-04-07,cmu
M0297,อนุชา วงค์ชัย,M,2007,067 556 8815,2024-02-22,cmu
M0298,ธีรภัทร ปัญญาดี,M,2003,0613894409,2023-01-19,cmu
M0299,ธนวัฒน์ ยอดเมือง,M,,+66876275812,2023-11-29,cmu
M0300,เบญญาภา คำแสน,F,2535,+66921364449,2025-12-28,thaphae
M0301,พิมพ์ชนก สุวรรณรัตน์,F,,095-231-5220,2025-05-25,nimman
M0302,วรรณภา ดวงดี,F,2008,+66955765098,2023-07-21,cmu
M0303,พิมพ์ชนก มีสุข,F,1985,084-582-3179,2023-06-03,thaphae
M0304,เอกชัย ดวงดี,M,1995,093 184 2771,2023-03-22,nimman
M0305,พิมพ์ชนก สมบูรณ์,,2006,0973988931,2024-06-14,cmu
M0306,กิตติพัฒน์ ศรีสุข,M,2004,0832840204,2025-12-28,cmu
M0307,จิราพร แสงทอง,F,1989,084-622-1059,2023-08-29,thaphae
M0308,จิรายุ คำมูล,M,1995,082-612-2363,2023-12-25,thaphae
M0309,วรรณภา อินต๊ะ,F,2002,+66964331832,2025-11-21,cmu
M0310,ปกรณ์ ดวงดี,M,2004,088 463 5782,2025-01-06,cmu
M0311,เอกชัย บัวบาน,M,2002,069 557 4453,2023-03-09,cmu
M0312,ธีรภัทร วงศ์ใหญ่,M,1984,+66956270186,2023-07-13,thaphae
M0313,สุภาวดี อินต๊ะ,F,2004,+66832248729,2023-08-19,nimman
M0314,วรเมธ ปันแก้ว,M,1986,+66605184685,2023-03-04,nimman
M0315,กัญญาณัฐ อินต๊ะ,F,1991,0863224323,2023-05-21,nimman
M0316,ปวีณา มีสุข,F,1974,+66667203977,2025-08-19,nimman
M0317,พิมพ์ชนก กันยา,F,1988,+66600701947,2024-06-17,nimman
M0318,สิทธิชัย สมบูรณ์,M,1971,099 663 3602,2024-10-19,nimman
M0319,ธิดารัตน์ บัวบาน,F,1993,+66642250400,2024-04-15,nimman
M0320,เอกชัย ใจดี,M,1985,066-500-1632,2025-01-03,thaphae
M0321,ชนิดา จันทร์หอม,F,2003,087 995 7888,2025-06-30,cmu
M0322,ชนิดา ดวงดี,,2003,0941655681,2024-04-17,cmu
M0323,วรรณภา หลวงแสน,F,2005,092-571-7592,2025-09-20,thaphae
M0324,พัชรินทร์ จันทร์หอม,F,2006,069 224 7977,2024-04-28,cmu
M0325,จิรายุ ใจดี,M,,0650017228,2025-08-17,nimman
M0326,จิรายุ ไชยวงศ์,M,1990,+66657417643,2024-01-12,nimman
M0327,ธีรภัทร กันยา,M,1988,0811943403,2023-09-30,nimman
M0328,กมลชนก กาวิละ,F,1992,+66832626693,2025-11-18,nimman
M0329,รัชนีกร ใจมา,F,2005,0944760871,2025-11-19,cmu
M0330,ปวีณา จันทร์หอม,F,2000,092 356 9195,2023-05-21,nimman
M0331,อัญชิสา สายสุข,F,2000,063-008-1151,2024-12-16,nimman
M0332,ศิริพร วงค์ชัย,F,2004,082-102-2035,2023-07-15,cmu
M0333,ธีรภัทร เชียงทอง,M,1990,066 692 7958,2023-05-31,nimman
M0334,สมชาย จันทร์แก้ว,,2004,083-940-2168,2025-07-09,cmu
M0335,จิราพร เชียงทอง,F,2006,090-573-5221,2023-12-25,cmu
M0336,ธิดารัตน์ วงศ์ใหญ่,F,1987,+66967454220,2024-04-26,thaphae
M0337,วีรภาพ กันยา,M,2007,+66923686560,2024-10-27,cmu
M0338,กมลชนก ปันแก้ว,F,2004,097-520-2545,2023-11-01,thaphae
M0339,ธีรภัทร ปิ่นแก้ว,M,1982,0823814674,2023-03-31,nimman
M0340,ธีรภัทร นันทะ,M,2004,0832953250,2023-10-09,cmu
M0341,นันทนา ไชยวงศ์,F,2008,062-118-1596,2024-03-27,cmu
M0342,พิมพ์ชนก เรือนคำ,F,1997,064-375-9478,2024-05-22,nimman
M0343,เอกชัย อินต๊ะ,M,2007,0888942518,2024-12-27,thaphae
M0344,ปิยะดา อินต๊ะ,F,2004,+66667304815,2023-07-30,cmu
M0345,สุภาวดี สุวรรณรัตน์,F,1997,085-135-6084,2025-08-22,nimman
M0346,กัญญาณัฐ สายสุข,F,2006,084-882-3531,2023-11-30,cmu
M0347,ธิดารัตน์ แก้วมณี,F,2005,064-428-8132,2025-10-07,cmu
M0348,ศิริพร พรหมมา,F,1876,+66680109657,2024-10-03,nimman
M0349,เอกชัย สายสุข,M,2002,082 432 6447,2023-04-13,cmu
M0350,กิตติพัฒน์ ไชยวงศ์,M,1999,0868128327,2023-04-10,nimman
M0351,ภูมิพัฒน์ หลวงแสน,M,1989,099-697-7100,2024-10-11,thaphae
M0352,พิมพ์ชนก มอรสิล,F,1978,+66833351169,2023-10-27,thaphae
M0353,ชยพล เรือนคำ,M,,084-016-9519,2024-07-25,nimman
M0354,ชยพล ศรีสุข,M,1981,060 616 4963,2023-04-06,nimman
M0355,ณัฐธิดา แสงทอง,F,2008,0832042140,2025-12-20,cmu
M0356,นันทนา สุวรรณรัตน์,F,1990,+66608302206,2023-04-15,thaphae
M0357,วีรภาพ ใจดี,M,2551,0972398423,2024-08-12,cmu
M0358,อรอุมา พรหมมา,F,,091-262-2911,2025-10-15,nimman
M0359,ปิยะดา จันทร์แก้ว,F,1987,092 849 0378,2023-08-31,nimman
M0360,กิตติพัฒน์ ศรีวิชัย,M,1986,0672946666,2024-06-09,nimman
M0361,ปวีณา วงค์ชัย,,,+66662581036,2023-12-10,thaphae
M0362,สมชาย กันยา,M,1981,+66645761697,2024-06-10,thaphae
M0363,เอกชัย ปัญญาดี,M,1992,087-491-6154,2024-05-06,nimman
M0364,พิมพ์ชนก วงค์ชัย,F,1988,089-134-8497,2025-02-09,thaphae
M0365,มณีรัตน์ จันทร์แก้ว,,2007,+66876276898,2023-07-18,nimman
M0366,พิมพ์ชนก หลวงแสน,F,1986,0610084464,2024-09-20,nimman
M0367,กัญญาณัฐ เรือนคำ,F,2003,0922713458,2025-10-07,nimman
M0368,ณัฐธิดา ศรีวิชัย,F,,0614177584,2023-07-24,cmu
M0369,ปกรณ์ ทองดี,M,1990,0863659425,2024-12-22,nimman
M0370,วีรภาพ อินทร์แก้ว,M,2005,060 970 7594,2024-07-21,cmu
M0371,กัญญาณัฐ ดวงดี,,1995,0953732853,2025-08-05,nimman
M0372,วรรณภา วงค์ชัย,F,1998,+66975843496,2023-06-17,nimman
M0373,ปวีณา สมบูรณ์,F,2007,099 677 6041,2024-07-12,cmu
M0374,ชยพล สายสุข,M,2006,088-771-7630,2024-08-02,cmu
M0375,ภาคิน สมบูรณ์,,1984,+66920006740,2024-03-31,nimman
M0376,ชนิดา ทองดี,F,1985,094-750-0490,2023-03-19,nimman
M0377,ธีรภัทร บัวบาน,M,2005,092-583-3160,2023-09-30,cmu
M0378,นพดล ศรีสุข,M,1994,0948927392,2023-11-20,nimman
M0379,อรอุมา มอรสิล,F,,0999668177,2023-05-20,cmu
M0380,จิราพร อินต๊ะ,F,2006,+66686191109,2024-06-24,cmu
M0381,ปิยะดา สมบูรณ์,F,1988,098-929-5910,2025-08-26,nimman
M0382,วีรภาพ พรหมมา,M,1996,+66888106079,2025-04-02,nimman
M0383,กฤษดา ธรรมวงศ์,M,1998,+66627623042,2023-05-05,nimman
M0384,วรเมธ บุญมา,M,2007,090 192 6413,2023-01-16,cmu
M0385,จิรายุ พรหมมา,M,1994,+66987681954,2023-10-08,nimman
M0386,ภูมิพัฒน์ จันทร์หอม,M,1980,+66977051438,2025-08-08,thaphae
M0387,จิราพร อินทร์แก้ว,F,2006,068 144 5574,2023-10-16,cmu
M0388,วรเมธ มอรสิล,M,,098 232 1114,2024-08-04,thaphae
M0389,ณัฐวุฒิ ปิ่นแก้ว,M,1988,0945992597,2025-08-30,thaphae
M0390,กมลชนก วงค์ชัย,F,2002,065 344 8570,2025-04-08,nimman
M0391,พิมพ์ชนก ทาคำ,F,1999,068 028 0549,2025-07-27,thaphae
M0392,พิมพ์ชนก ไชยวงศ์,F,1992,+66631671089,2023-06-21,nimman
M0393,นพดล หลวงแสน,M,1973,066-102-0107,2024-10-07,thaphae
M0394,สมชาย พรหมมา,M,2007,085-952-6842,2025-02-20,thaphae
M0395,ชยพล ปันแก้ว,M,1995,081-351-3790,2024-11-18,thaphae
M0396,สุภาวดี มอรสิล,F,2006,068 204 6498,2025-05-12,cmu
M0397,กิตติพัฒน์ จันทร์แก้ว,M,1978,065-066-0828,2024-08-26,thaphae
M0398,กมลชนก ใจดี,F,1999,+66899169308,2024-06-03,nimman
M0399,สิทธิชัย แก้วมณี,M,1991,060 755 8810,2023-05-17,thaphae
M0400,วรเมธ ทองดี,M,2008,+66999748754,2025-06-30,cmu
M0401,วรเมธ ดวงดี,M,,090 482 6895,2023-12-10,nimman
M0402,ชนิดา คำแสน,F,,0659689975,2023-05-10,cmu
M0403,เบญญาภา บุญมา,F,2006,0640281450,2023-07-01,cmu
M0404,ธีรภัทร จันทร์แก้ว,M,2031,061 782 0957,2023-12-17,cmu
M0405,จิราพร กาวิละ,F,2008,099-535-1871,2024-09-29,nimman
M0406,อรอุมา ปัญญาดี,F,1989,086-035-4614,2025-04-08,nimman
M0407,ศิริพร มีสุข,F,1998,0675052749,2024-10-14,nimman
M0408,พงศกร ศรีสุข,M,1992,061-436-0772,2023-06-14,thaphae
M0409,พัชรินทร์ เชียงทอง,F,1989,+66602065236,2023-07-17,nimman
M0410,ชยพล คำมูล,M,2007,0835151122,2023-02-02,cmu
M0411,อัญชิสา ธรรมวงศ์,F,1987,0837505883,2023-09-16,nimman
M0412,สมชาย ไชยวงศ์,M,1991,0831869519,2024-05-16,nimman
M0413,ธิดารัตน์ สุขสวัสดิ์,F,1998,+66601859668,2024-12-24,nimman
M0414,ศุภชัย สายสุข,M,2005,065 307 8746,2024-03-30,cmu
M0415,ธิดารัตน์ คำแสน,F,1989,+66615136998,2023-09-15,nimman
M0416,ภาคิน บุญมา,M,1994,080 941 6358,2023-09-18,thaphae
M0417,กมลชนก คำมูล,F,2006,+66668772386,2023-11-03,thaphae
M0418,ปกรณ์ พรหมมา,M,2004,0659588297,2023-04-28,cmu
M0419,นพดล นันทะ,,2002,0842807406,2024-05-13,nimman
M0420,ธิดารัตน์ ใจมา,F,2006,0937481371,2023-12-18,cmu
M0421,ชนิดา ศรีสุข,F,,0615123648,2023-11-23,cmu
M0422,วรเมธ ศรีวิชัย,M,2003,094-979-8470,2024-09-02,cmu
M0423,รัชนีกร สมบูรณ์,F,2008,065-676-3668,2024-06-11,cmu
M0424,ธีรภัทร ดวงดี,M,,+66987113901,2023-02-02,cmu
M0425,อรอุมา แก้วมณี,F,2001,0927922174,2023-11-07,thaphae
M0426,รัชนีกร แสงทอง,F,1992,+66963217875,2025-03-03,nimman
M0427,อัญชิสา สมบูรณ์,F,1970,062 028 8015,2024-12-24,nimman
M0428,ศุภชัย ใจดี,M,2007,0655308817,2024-02-03,cmu
M0429,ธนากร อินต๊ะ,M,1999,060-845-0666,2025-05-15,thaphae
M0430,ณัฐธิดา ทองดี,,1989,0970549061,2025-08-25,thaphae
M0431,รัชนีกร อุดมศักดิ์,F,2002,082 421 9842,2023-07-19,nimman
M0432,ชยพล เชียงทอง,M,,099 693 6367,2023-12-19,nimman
M0433,กฤษดา วงค์ชัย,M,1985,089 184 3067,2024-05-26,thaphae
M0434,ศุภชัย อินทร์แก้ว,M,1994,+66955465226,2025-10-24,nimman
M0435,วรรณภา อินทร์แก้ว,F,2008,+66962883411,2023-10-18,cmu
M0436,อนุชา ใจมา,M,2003,+66927690830,2025-01-25,nimman
M0437,ธนวัฒน์ สุวรรณรัตน์,M,2006,+66800440325,2025-12-25,nimman
M0438,ศุภชัย มีสุข,M,1990,064-285-8416,2023-05-17,thaphae
M0439,ศิริพร บุญมา,F,2005,0819541268,2025-09-30,cmu
M0440,ปกรณ์ อินทร์แก้ว,M,2005,084-689-3386,2023-10-27,cmu
M0441,ศุภชัย บุญมา,M,,062-066-1014,2023-05-25,nimman
M0442,จิราพร ยอดเมือง,F,2001,060-373-7793,2024-01-16,nimman
M0443,ชนิดา วงค์ชัย,F,1983,+66670472477,2025-07-24,nimman
M0444,กัญญาณัฐ มอรสิล,F,,084 258 7499,2024-05-01,nimman
M0445,กฤษดา ศรีวิชัย,M,1994,0628054410,2024-01-15,nimman
M0446,พงศกร เชียงทอง,M,2004,099 450 1834,2024-10-08,cmu
M0447,สิทธิชัย ใจมา,M,2004,085 729 6707,2024-01-04,cmu
M0448,ภูมิพัฒน์ ยอดเมือง,M,1975,064 134 9136,2023-09-17,thaphae
M0449,พัชรินทร์ ทองดี,F,1987,0803126520,2023-09-05,thaphae
M0450,พงศกร จันทร์หอม,M,2004,080 545 6389,2023-05-02,cmu
M0451,รัชนีกร เรือนคำ,F,,+66848925446,2025-12-19,nimman
M0452,ปวีณา คำแสน,F,1993,065 498 5146,2023-10-26,nimman
M0453,มณีรัตน์ บัวบาน,F,2004,0970623600,2024-05-04,cmu
M0454,ชยพล ทองดี,M,2001,+66907276536,2025-12-28,nimman
M0455,อรอุมา นันทะ,F,1985,068-137-7311,2025-01-19,thaphae
M0456,ภูมิพัฒน์ คำแสน,M,2005,+66695321914,2024-06-08,cmu
M0457,จิราพร ปิ่นแก้ว,F,1998,+66824034489,2025-03-10,thaphae
M0458,ศิริพร ดวงดี,F,2003,+66951526853,2025-10-26,cmu
M0459,กิตติพัฒน์ จันทร์หอม,M,2003,+66659595374,2023-10-28,cmu
M0460,นันทนา มีสุข,F,,084 819 4877,2025-09-22,cmu
M0461,ณัฐวุฒิ อินต๊ะ,M,2007,097-136-8804,2023-01-12,cmu
M0462,กฤษดา ปิ่นแก้ว,M,2031,094-626-4230,2023-11-27,nimman
M0463,อัญชิสา สุวรรณรัตน์,F,,0670237083,2023-05-18,nimman
M0464,รัชนีกร มอรสิล,F,1985,0666052851,2025-08-28,nimman
M0465,ปิยะดา วงค์ชัย,F,1986,0615232249,2024-11-26,nimman
M0466,ธนวัฒน์ วงศ์ใหญ่,M,2002,085-752-5725,2025-01-15,cmu
M0467,ภูมิพัฒน์ บัวบาน,M,1990,0657633781,2025-07-14,nimman
M0468,วรรณภา วงศ์ใหญ่,,1991,099-329-2445,2023-10-22,nimman
M0469,นันทนา อินทร์แก้ว,F,2008,0656877746,2023-11-12,cmu
M0470,ปวีณา บัวบาน,F,2007,065 385 1264,2023-08-26,nimman
M0471,จิราพร หลวงแสน,F,1993,0698308371,2025-01-01,nimman
M0472,สิทธิชัย มอรสิล,M,1992,062 586 4138,2023-08-25,thaphae
M0473,รัชนีกร วงค์ชัย,F,2007,0978667224,2024-11-21,cmu
M0474,อนุชา อินต๊ะ,M,1976,066-513-8302,2024-10-13,nimman
M0475,มณีรัตน์ อุดมศักดิ์,F,1986,0854786665,2023-09-07,thaphae
M0476,วีรภาพ แก้วมณี,M,2008,0929248520,2024-01-31,cmu
M0477,ปกรณ์ คำแสน,M,2005,084 522 2300,2024-02-10,cmu
M0478,สมชาย ปิ่นแก้ว,M,1999,0968013689,2024-09-29,nimman
M0479,พิมพ์ชนก อินทร์แก้ว,F,2008,068 391 9726,2023-12-07,cmu
M0480,ศุภชัย จันทร์หอม,M,2000,096-512-9214,2023-01-08,nimman
M0481,กมลชนก ใจมา,F,2005,095-329-1949,2024-01-22,thaphae
M0482,ธนากร สายสุข,M,2007,+66876190646,2025-04-27,cmu
M0483,ปวีณา บุญมา,F,2006,0826502977,2023-08-04,cmu
M0484,ธิดารัตน์ จันทร์หอม,F,1987,0969459385,2025-08-20,nimman
M0485,มณีรัตน์ จันทร์หอม,F,2001,064 437 5501,2023-01-09,cmu
M0486,ธนวัฒน์ มอรสิล,M,1989,0862138715,2025-08-26,thaphae
M0487,ณัฐวุฒิ นันทะ,M,2006,083 534 2195,2023-09-09,cmu
M0488,จิรายุ สมบูรณ์,M,1979,062 844 5715,2025-06-13,thaphae
M0489,ปวีณา ศักดิ์ดี,F,1990,066-505-1719,2023-11-27,nimman
M0490,อัญชิสา คำมูล,F,1994,+66660332253,2023-11-19,nimman
M0491,ปิยะดา บัวบาน,F,1993,0996234411,2024-01-19,nimman
M0492,ปกรณ์ ศรีสุข,M,2007,+66943089045,2025-05-08,cmu
M0493,อัญชิสา ศรีสุข,F,2006,+66640783431,2025-12-25,cmu
M0494,สมหญิง นันทะ,F,2005,0989825826,2023-01-25,cmu
M0495,วรรณภา คำแสน,F,2008,+66618255683,2023-07-08,cmu
M0496,กมลชนก สุขสวัสดิ์,F,2007,0810916879,2023-02-28,cmu
M0497,ปิยะดา ยอดเมือง,F,2006,0842575506,2024-04-26,cmu
M0498,กัญญาณัฐ สุวรรณรัตน์,F,2000,082-916-2343,2025-08-15,nimman
M0499,วรเมธ วงศ์ใหญ่,M,2006,062-387-6055,2023-12-16,cmu
M0500,เอกชัย สมบูรณ์,M,2002,088-745-8720,2024-12-21,thaphae
M0501,ธิดารัตน์ นันทะ,F,1985,080 304 3553,2024-05-13,nimman
M0502,รัชนีกร บัวบาน,F,2003,091 846 6375,2024-02-06,nimman
M0503,จิรายุ วงศ์ใหญ่,M,2008,0978678907,2023-07-10,cmu
M0504,พงศกร มอรสิล,M,1992,085-954-6535,2023-01-04,nimman
M0505,ธีรภัทร วงค์ชัย,M,2007,0807548357,2024-10-28,cmu
M0506,ปกรณ์ มอรสิล,M,2006,088-196-4237,2025-04-04,cmu
M0507,เอกชัย เชียงทอง,M,2004,+66612431609,2023-02-27,cmu
M0508,พงศกร ยอดเมือง,M,2001,064 821 9793,2024-03-19,thaphae
M0509,อนุชา อินทร์แก้ว,M,2004,092-014-1358,2023-04-19,cmu
M0510,อรอุมา ใจมา,F,1983,061 003 1029,2025-05-26,nimman
M0511,ปกรณ์ คำมูล,M,1994,0675671317,2024-04-24,thaphae
M0512,กฤษดา สุวรรณรัตน์,M,2007,0839294860,2024-07-11,cmu
M0513,กิตติพัฒน์ นันทะ,M,,+66846032084,2025-04-03,nimman
M0514,ปิยะดา คำแสน,F,1997,064 519 6354,2023-06-19,thaphae
M0515,วรเมธ สมบูรณ์,M,1997,0638819144,2025-11-13,thaphae
M0516,กมลชนก สมบูรณ์,F,1978,093 979 5977,2023-07-14,thaphae
M0517,ธิดารัตน์ ปันแก้ว,F,2007,0691391711,2025-05-09,cmu
M0518,ชยพล วงศ์ใหญ่,M,2008,0636458369,2025-04-14,cmu
M0519,ปวีณา แสงทอง,,2001,082 807 5067,2025-03-05,cmu
M0520,กฤษดา ปันแก้ว,,1993,+66895291923,2024-04-10,nimman
M0521,ภูมิพัฒน์ อินต๊ะ,M,1992,0631350090,2024-03-21,nimman
M0522,นพดล มีสุข,M,1992,+66683031519,2024-10-21,nimman
M0523,ธนวัฒน์ หลวงแสน,M,2007,0972722414,2024-01-27,thaphae
M0524,วรรณภา แสงทอง,F,2007,+66882283606,2025-08-09,cmu
M0525,ชยพล กาวิละ,M,2004,067 771 6724,2025-09-26,cmu
M0526,มณีรัตน์ แสงทอง,F,2005,069 296 5346,2024-02-03,cmu
M0527,สมหญิง อินทร์แก้ว,F,2000,+66617948492,2024-04-13,thaphae
M0528,พัชรินทร์ อินต๊ะ,F,2003,+66914980550,2024-12-12,cmu
M0529,กฤษดา มอรสิล,M,2003,0825822869,2025-05-07,cmu
M0530,ชยพล มีสุข,M,1990,090 114 4292,2024-09-07,nimman
M0531,มณีรัตน์ อินต๊ะ,F,2008,+66846433233,2025-01-23,nimman
M0532,ณัฐธิดา วงศ์ใหญ่,F,2008,+66937115375,2024-01-24,nimman
M0533,ชยพล ศรีวิชัย,M,1984,0621763517,2025-03-07,nimman
M0534,ธนากร ปันแก้ว,M,2007,091 039 3947,2025-05-10,cmu
M0535,อรอุมา เชียงทอง,F,1989,+66692869160,2024-01-27,nimman
M0536,พัชรินทร์ ปิ่นแก้ว,F,2006,0972058420,2025-10-30,cmu
M0537,นพดล ศักดิ์ดี,M,1983,088-072-9422,2025-06-24,nimman
M0538,นันทนา ปันแก้ว,,,080 055 7819,2025-10-17,nimman
M0539,นพดล กันยา,M,2005,091 106 6610,2023-04-27,cmu
M0540,ณัฐวุฒิ ศรีวิชัย,M,,087 419 5603,2024-11-23,cmu
M0541,เบญญาภา ธรรมวงศ์,F,1980,0660192045,2024-09-19,nimman
M0542,พงศกร ใจมา,M,1993,+66939308297,2025-08-22,thaphae
M0543,ชยพล มอรสิล,M,1975,093-968-2834,2025-07-31,nimman
M0544,ปวีณา กันยา,,1986,+66805281656,2023-05-04,nimman
M0545,กัญญาณัฐ แก้วมณี,F,2003,081-448-7154,2023-04-21,cmu
M0546,เบญญาภา นันทะ,,2002,+66912961414,2023-06-09,cmu
M0547,ณัฐวุฒิ คำแสน,M,2008,+66960289931,2023-08-06,cmu
M0548,สุภาวดี ยอดเมือง,F,,+66988583483,2025-04-03,thaphae
M0549,วรรณภา สมบูรณ์,F,2007,+66600965054,2024-10-18,nimman
M0550,กิตติพัฒน์ วงศ์ใหญ่,M,2003,+66667614829,2023-03-12,cmu
M0551,วรเมธ ปัญญาดี,M,1994,+66888353362,2023-06-13,nimman
M0552,สมชาย สุวรรณรัตน์,M,2006,081-997-2668,2023-06-21,thaphae
M0553,ณัฐธิดา จันทร์แก้ว,F,1990,+66606538830,2023-05-21,nimman
M0554,ณัฐธิดา มีสุข,F,2007,067 465 3539,2025-02-24,thaphae
M0555,จิราพร ศักดิ์ดี,F,2007,082-549-6446,2025-05-16,cmu
M0556,อนุชา ศรีวิชัย,,2008,086-690-4155,2024-06-04,cmu
M0557,ภาคิน พรหมมา,M,2006,+66995545004,2024-10-16,cmu
M0558,ชนิดา ปิ่นแก้ว,,2004,097-729-6468,2023-09-06,cmu
M0559,พัชรินทร์ คำแสน,F,2002,060 642 3561,2024-11-03,cmu
M0560,สมหญิง บัวบาน,F,1985,0970063247,2023-07-16,nimman
M0561,กฤษดา เชียงทอง,M,2008,096 521 7401,2024-09-08,cmu
M0562,สุภาวดี ปัญญาดี,,2031,0832682758,2023-03-30,nimman
M0563,วรเมธ คำแสน,M,2005,0847513329,2023-08-11,cmu
M0564,อัญชิสา สุขสวัสดิ์,F,1994,0677450251,2023-05-23,thaphae
M0565,ธิดารัตน์ สมบูรณ์,F,1993,+66983668965,2025-08-09,nimman
M0566,นันทนา สายสุข,F,1991,+66995195273,2024-02-10,nimman
M0567,วีรภาพ ไชยวงศ์,M,1989,0658480706,2023-08-02,thaphae
M0568,อรอุมา จันทร์แก้ว,F,2005,081-255-8170,2023-11-15,cmu
M0569,สุภาวดี อินทร์แก้ว,F,,090 380 0809,2025-04-10,nimman
M0570,ศุภชัย ทองดี,M,2006,098 706 6578,2024-08-25,cmu
M0571,รัชนีกร พรหมมา,F,1983,091 582 9109,2023-04-20,thaphae
M0572,เอกชัย วงศ์ใหญ่,,2004,068 987 8769,2023-12-20,cmu
M0573,ศุภชัย อุดมศักดิ์,M,1990,+66981678714,2025-11-08,thaphae
M0574,ศิริพร ไชยวงศ์,F,2005,+66832706873,2025-09-09,cmu
M0575,จิรายุ ปิ่นแก้ว,,2007,0694909207,2024-02-23,cmu
M0576,กัญญาณัฐ ปันแก้ว,F,2005,0862174420,2023-02-28,cmu
M0577,นันทนา ทาคำ,F,2008,0649386638,2025-03-28,nimman
M0578,พัชรินทร์ บัวบาน,F,2008,065 323 0676,2024-08-24,thaphae
M0579,อนุชา คำมูล,M,2002,0691418520,2025-03-18,cmu
M0580,ปวีณา ธรรมวงศ์,F,,0647816311,2023-05-06,thaphae
M0581,ศิริพร มอรสิล,,2005,0995653847,2024-10-24,cmu
M0582,กัญญาณัฐ ยอดเมือง,F,2006,0978778303,2025-04-06,cmu
M0583,ศุภชัย วงศ์ใหญ่,,2007,0974567234,2023-08-10,cmu
M0584,สมชาย ปันแก้ว,M,2000,0884711434,2023-06-23,nimman
M0585,วีรภาพ สุขสวัสดิ์,M,2006,097-368-2833,2024-12-16,cmu
M0586,วีรภาพ เรือนคำ,M,2008,065 840 1239,2023-12-31,cmu
M0587,มณีรัตน์ ดวงดี,F,1989,0887982719,2025-05-09,nimman
M0588,อัญชิสา วงค์ชัย,F,,0624068856,2024-07-16,thaphae
M0589,จิรายุ เชียงทอง,M,1999,090-266-7965,2023-12-30,cmu
M0590,รัชนีกร สุขสวัสดิ์,F,1992,081 665 2514,2023-06-19,thaphae
M0591,นันทนา หลวงแสน,F,,0910792232,2023-09-02,nimman
M0592,จิราพร แก้วมณี,F,2008,090 324 1789,2023-04-03,cmu
M0593,สุภาวดี วงค์ชัย,F,1990,098 506 7211,2025-07-09,thaphae
M0594,นพดล อุดมศักดิ์,M,2002,0907177842,2025-08-23,cmu
M0595,ปิยะดา ดวงดี,F,2004,0617951555,2023-10-26,cmu
M0596,นันทนา ทองดี,F,1998,0677822547,2023-01-11,nimman
M0597,จิรายุ ดวงดี,M,2007,+66915878682,2023-02-20,cmu
M0598,อนุชา หลวงแสน,M,1989,092 022 5025,2024-03-07,thaphae
M0599,ปวีณา ทองดี,F,2004,095 713 8804,2023-10-17,cmu
M0600,ชนิดา ศักดิ์ดี,F,1975,066-932-4548,2023-02-19,nimman
M0601,ธิดารัตน์ หลวงแสน,F,2005,0804633800,2023-06-20,cmu
M0602,กฤษดา วงศ์ใหญ่,M,2004,0820712366,2025-05-25,cmu
M0603,เอกชัย ธรรมวงศ์,M,1994,099-196-2673,2024-01-13,nimman
M0604,กมลชนก แสงทอง,F,1993,+66852863666,2024-02-05,nimman
M0605,ธนากร แสงทอง,M,1983,064-614-6694,2025-09-21,nimman
M0606,ธนากร สมบูรณ์,M,2003,068-083-8540,2023-05-11,cmu
M0607,ภูมิพัฒน์ มอรสิล,,2007,0846698370,2025-07-27,cmu
M0608,ปวีณา อุดมศักดิ์,F,,+66865170914,2025-06-20,cmu
M0609,พัชรินทร์ ใจดี,F,2003,0987168181,2025-08-11,cmu
M0610,ชยพล จันทร์หอม,M,1984,081-430-4212,2023-01-23,nimman
M0611,พิมพ์ชนก สายสุข,F,1994,082-728-4447,2023-01-07,thaphae
M0612,รัชนีกร อินต๊ะ,F,2007,093-835-0324,2024-07-03,cmu
M0613,ปวีณา ยอดเมือง,F,2003,062 203 0916,2024-09-16,cmu
M0614,กมลชนก มีสุข,F,1991,0642194839,2025-08-10,thaphae
M0615,วีรภาพ สมบูรณ์,M,2007,091 390 0400,2023-07-20,cmu
M0616,พัชรินทร์ เรือนคำ,F,1993,+66938018011,2023-02-06,thaphae
M0617,ธนวัฒน์ ไชยวงศ์,M,,068-541-2830,2025-03-09,cmu
M0618,อนุชา คำแสน,M,1964,086 197 3400,2024-08-11,nimman
M0619,ภาคิน ปิ่นแก้ว,M,2007,0615828748,2025-11-24,cmu
M0620,สมชาย ดวงดี,M,1975,0666053422,2025-11-08,thaphae
M0621,สมหญิง ใจดี,F,2006,061-584-0205,2024-02-04,cmu
M0622,พงศกร บัวบาน,M,2007,+66835290950,2023-05-08,cmu
M0623,สมหญิง อุดมศักดิ์,F,1997,082-238-2296,2023-07-28,nimman
M0624,สมชาย เรือนคำ,M,,061-704-6266,2024-12-12,nimman
M0625,พงศกร ปิ่นแก้ว,M,2004,067 782 7139,2023-11-06,cmu
M0626,จิรายุ ธรรมวงศ์,M,2004,090-203-9160,2024-09-07,cmu
M0627,สมหญิง พรหมมา,F,1994,066-667-4930,2025-02-03,nimman
M0628,กฤษดา ศักดิ์ดี,M,1992,064 742 9575,2024-01-29,thaphae
M0629,ธนากร ดวงดี,M,1995,0653866610,2025-03-08,nimman
M0630,ปกรณ์ ศรีวิชัย,M,2008,+66660821815,2024-06-16,cmu
M0631,พงศกร อินต๊ะ,M,1999,091 949 9054,2024-06-29,nimman
M0632,ภูมิพัฒน์ กันยา,M,2007,066-330-2901,2025-07-15,cmu
M0633,ณัฐธิดา ปันแก้ว,F,1992,095-922-1653,2025-01-31,nimman
M0634,สิทธิชัย กันยา,M,2002,062 250 1556,2023-05-05,nimman
M0635,สมชาย อินทร์แก้ว,M,,+66944994988,2023-09-05,cmu
M0636,ธีรภัทร พรหมมา,M,,066-084-5960,2023-07-14,nimman
M0637,มณีรัตน์ ยอดเมือง,F,1988,+66902969362,2024-02-19,nimman
M0638,นพดล ปัญญาดี,M,1998,0832959968,2023-05-02,thaphae
M0639,ภูมิพัฒน์ แสงทอง,M,2006,091 604 7743,2025-07-07,cmu
M0640,ปิยะดา จันทร์หอม,F,1997,080 840 2658,2023-01-29,nimman
M0641,ณัฐธิดา ปิ่นแก้ว,F,1985,0961740376,2023-10-21,nimman
M0642,ภูมิพัฒน์ เชียงทอง,M,,+66857529233,2025-09-02,nimman
M0643,รัชนีกร ศรีสุข,F,2005,+66696117389,2024-12-06,cmu
M0644,สมหญิง อินต๊ะ,F,1981,064-856-1378,2023-04-08,nimman
M0645,วรรณภา บัวบาน,F,2001,+66878138098,2023-06-17,cmu
M0646,ชนิดา อุดมศักดิ์,F,2006,0978466922,2024-02-19,cmu
M0647,ปกรณ์ ไชยวงศ์,M,2008,+66918875240,2023-10-01,thaphae
M0648,รัชนีกร สายสุข,F,2005,+66948783245,2024-01-04,cmu
M0649,กมลชนก ไชยวงศ์,F,,+66690834428,2024-11-29,nimman
M0650,สุภาวดี ปันแก้ว,F,1994,099-173-4728,2024-07-01,thaphae
M0651,รัชนีกร บุญมา,F,1991,064 531 6954,2023-05-22,nimman
M0652,สมชาย ทาคำ,M,1999,082-351-7482,2023-02-26,thaphae
M0653,ชนิดา ปันแก้ว,F,1991,092-326-8228,2024-05-21,thaphae
M0654,พัชรินทร์ แสงทอง,F,2006,0976118521,2023-05-21,cmu
M0655,จิรายุ หลวงแสน,M,1994,096-931-1360,2025-04-11,thaphae
M0656,สมชาย มีสุข,M,2008,0988132100,2024-07-28,cmu
M0657,ธิดารัตน์ แสงทอง,F,1981,0824612403,2025-04-10,nimman
M0658,ณัฐธิดา สุขสวัสดิ์,,2007,+66610432186,2025-01-26,cmu
M0659,สุภาวดี ธรรมวงศ์,F,1988,097 209 0212,2024-03-08,nimman
M0660,ธีรภัทร ศรีวิชัย,M,2006,094 315 9556,2024-03-01,cmu
M0661,ศุภชัย ศรีวิชัย,M,2002,085-746-9688,2025-06-09,cmu
M0662,ธีรภัทร บุญมา,M,2004,0940637120,2023-11-08,nimman
M0663,นพดล ทองดี,M,2007,067-740-7850,2025-02-19,cmu
M0664,ชนิดา ปัญญาดี,F,1999,+66620548328,2025-03-16,nimman
M0665,วรรณภา สายสุข,F,,0867965510,2023-02-19,thaphae
M0666,พงศกร วงศ์ใหญ่,M,2002,093-670-4987,2025-03-15,cmu
M0667,ณัฐธิดา ไชยวงศ์,F,,086-402-9326,2024-12-28,thaphae
M0668,ปกรณ์ เชียงทอง,M,1980,080-642-4132,2024-10-04,thaphae
M0669,สมชาย วงค์ชัย,M,1981,098-971-0892,2023-02-21,thaphae
M0670,ศิริพร คำมูล,F,2005,081-712-7210,2024-05-29,cmu
M0671,ณัฐธิดา มอรสิล,F,2002,+66930924309,2023-08-29,cmu
M0672,สุภาวดี บัวบาน,F,1989,080 052 0224,2025-12-22,nimman
M0673,ศุภชัย ศักดิ์ดี,M,2002,0914195059,2025-03-24,cmu
M0674,นพดล ใจดี,M,1986,065 620 8900,2024-09-04,thaphae
M0675,กฤษดา อุดมศักดิ์,,2001,0920890811,2024-02-22,cmu
M0676,สมชาย ยอดเมือง,M,,+66921443115,2025-10-31,thaphae
M0677,ปวีณา มอรสิล,,2007,065-667-8260,2024-08-06,cmu
M0678,พัชรินทร์ ศรีวิชัย,F,2007,086 149 7490,2025-11-17,cmu
M0679,ปวีณา จันทร์แก้ว,F,,+66813472500,2025-11-24,thaphae
M0680,จิราพร นันทะ,F,1993,066 443 8997,2024-01-18,thaphae
M0681,สิทธิชัย เรือนคำ,M,2001,+66835081923,2023-06-25,nimman
M0682,ภาคิน ศรีสุข,M,2004,082 513 0474,2023-10-08,cmu
M0683,ภาคิน ใจดี,M,2002,0613418920,2023-10-20,cmu
M0684,เอกชัย วงค์ชัย,M,1993,0846029965,2024-09-30,thaphae
M0685,ชนิดา สุวรรณรัตน์,F,1995,090 686 5274,2023-10-15,nimman
M0686,รัชนีกร ศรีวิชัย,,1986,083 607 8527,2024-01-07,nimman
M0687,กิตติพัฒน์ ทาคำ,M,2007,080-991-3765,2025-12-19,cmu
M0688,กัญญาณัฐ มีสุข,F,2006,063 157 9572,2024-04-09,cmu
M0689,นันทนา วงศ์ใหญ่,F,1991,0689277789,2024-06-06,nimman
M0690,พิมพ์ชนก ศรีสุข,F,1967,083-654-4660,2023-05-31,nimman
M0691,ปิยะดา ใจดี,F,2007,+66845618450,2025-06-21,cmu
M0692,ภูมิพัฒน์ ทองดี,M,1989,+66683544547,2023-03-06,nimman
M0693,จิราพร ใจมา,F,1984,082 734 1475,2024-09-01,thaphae
M0694,ศิริพร แสงทอง,F,2006,081-348-4414,2024-08-05,nimman
M0695,วีรภาพ นันทะ,M,2004,0988306063,2025-07-07,cmu
M0696,พัชรินทร์ ศรีสุข,F,2005,094-830-3340,2023-05-22,cmu
M0697,ชยพล พรหมมา,M,2006,+66821705685,2024-08-17,cmu
M0698,อัญชิสา ใจมา,F,1982,099-109-5273,2023-12-30,thaphae
M0699,กิตติพัฒน์ บุญมา,M,2006,0609030360,2024-07-29,cmu
M0700,ศิริพร เรือนคำ,F,2005,092 075 9448,2023-03-31,cmu
M0701,ปวีณา คำมูล,F,2005,062-902-5599,2025-01-12,cmu
M0702,นันทนา กันยา,F,,094 482 3030,2024-09-30,nimman
M0703,ปวีณา ดวงดี,F,2006,0938305235,2025-03-02,cmu
M0704,จิรายุ อินต๊ะ,M,1977,080 560 5046,2025-02-26,nimman
M0705,พิมพ์ชนก พรหมมา,F,2003,0876516155,2025-04-26,cmu
M0706,กัญญาณัฐ จันทร์หอม,,1989,+66943624830,2025-08-27,nimman
M0707,เบญญาภา สมบูรณ์,F,,064 877 1620,2024-01-06,cmu
M0708,ปวีณา กาวิละ,,2000,066 511 1093,2024-12-21,nimman
M0709,ปิยะดา คำมูล,F,1989,+66653570687,2024-11-09,thaphae
M0710,พิมพ์ชนก อุดมศักดิ์,,2008,0827924912,2023-03-03,cmu
M0711,ชนิดา วงศ์ใหญ่,,2006,067-590-7132,2024-10-20,cmu
M0712,ชยพล แก้วมณี,M,1996,0923939835,2025-02-15,nimman
M0713,เอกชัย สุวรรณรัตน์,,2008,+66621352213,2023-08-27,cmu
M0714,กิตติพัฒน์ บัวบาน,,,095 332 5604,2024-12-11,thaphae
M0715,ปวีณา แก้วมณี,F,2002,+66841312459,2023-01-29,cmu
M0716,อรอุมา อินต๊ะ,F,1979,+66608643087,2025-10-23,nimman
M0717,สมชาย หลวงแสน,M,1990,+66664626439,2023-03-11,thaphae
M0718,วรเมธ กาวิละ,M,2008,069 508 6594,2024-01-30,nimman
M0719,สมหญิง ปัญญาดี,F,2008,084 682 7888,2025-12-17,cmu
M0720,อรอุมา สมบูรณ์,F,1979,+66964707889,2024-01-18,nimman
M0721,ศุภชัย คำแสน,M,2004,+66971754455,2024-01-01,cmu
M0722,เอกชัย คำมูล,M,1988,083-097-2479,2024-09-20,nimman
M0723,ณัฐธิดา คำแสน,F,,+66898560822,2025-02-14,cmu
M0724,กมลชนก กันยา,F,2001,+66637787979,2025-02-22,cmu
M0725,สุภาวดี ใจดี,F,1978,+66918647042,2023-11-12,thaphae
M0726,กิตติพัฒน์ มอรสิล,M,2007,+66833175436,2023-04-16,cmu
M0727,วรรณภา กันยา,F,2007,+66958577837,2023-09-30,cmu
M0728,นันทนา ศักดิ์ดี,F,1994,+66688177076,2025-11-26,thaphae
M0729,กฤษดา คำมูล,M,1989,063-961-5800,2023-01-06,thaphae
M0730,ณัฐวุฒิ ไชยวงศ์,M,1991,069-257-7188,2025-03-15,nimman
M0731,พัชรินทร์ อุดมศักดิ์,,,097 095 5150,2025-09-01,nimman
M0732,กัญญาณัฐ ใจดี,F,2005,080 555 0995,2023-01-07,cmu
M0733,ศุภชัย บัวบาน,M,,093 505 0055,2025-12-16,cmu
M0734,จิรายุ สุขสวัสดิ์,M,,0912525026,2024-11-01,thaphae
M0735,ศุภชัย สุวรรณรัตน์,M,2002,082 415 1561,2023-04-23,thaphae
M0736,เบญญาภา จันทร์แก้ว,F,2006,086 014 0420,2025-11-19,cmu
M0737,ธนวัฒน์ กันยา,M,1982,095-429-9325,2024-02-09,thaphae
M0738,ปกรณ์ สายสุข,M,2005,+66888195344,2023-07-06,cmu
M0739,ปกรณ์ ใจมา,M,2002,0931887593,2024-04-12,nimman
M0740,ปิยะดา เรือนคำ,F,2007,+66933527348,2023-09-07,cmu
M0741,สมชาย สุขสวัสดิ์,M,,068 283 7829,2024-11-23,thaphae
M0742,เบญญาภา จันทร์หอม,F,2004,+66819334755,2025-07-05,cmu
M0743,สุภาวดี จันทร์หอม,F,2006,+66942302708,2024-01-07,cmu
M0744,พิมพ์ชนก ปัญญาดี,F,2005,+66623096951,2024-01-05,nimman
M0745,ณัฐธิดา ศักดิ์ดี,F,1980,066-057-8585,2024-02-24,nimman
M0746,วรเมธ แก้วมณี,M,2007,0636029582,2023-11-15,cmu
M0747,เอกชัย มีสุข,M,,068-439-4469,2023-05-23,thaphae
M0748,สิทธิชัย จันทร์แก้ว,M,2007,0914227816,2024-04-07,cmu
M0749,ปิยะดา สุวรรณรัตน์,F,2003,0685713373,2025-03-08,cmu
M0750,ปิยะดา แก้วมณี,F,2003,089 859 8173,2025-07-26,cmu
M0751,ชยพล วงค์ชัย,M,1997,065-341-5470,2025-10-17,thaphae
M0752,พิมพ์ชนก ใจดี,F,2007,0954015251,2025-03-16,cmu
M0753,พงศกร บุญมา,M,2005,091-899-9534,2023-10-11,cmu
M0754,ชนิดา คำมูล,F,2008,080-049-2633,2023-06-28,cmu
M0755,จิราพร คำมูล,F,2005,+66650437396,2023-05-24,cmu
M0756,ณัฐธิดา สายสุข,F,1998,083 338 0598,2024-10-26,thaphae
M0757,เบญญาภา ทาคำ,F,2004,+66613655979,2024-12-22,cmu
M0758,กมลชนก หลวงแสน,F,2007,+66668792112,2023-08-23,cmu
M0759,นันทนา คำแสน,F,1991,096 717 0238,2023-07-30,nimman
M0760,ภาคิน สายสุข,M,1975,061 637 6579,2024-02-04,thaphae
M0761,นันทนา นันทะ,F,2007,0651247680,2024-05-24,cmu
M0762,รัชนีกร กาวิละ,,1989,0679665552,2025-07-23,thaphae
M0763,วรรณภา ใจมา,F,2006,084 398 7307,2025-08-25,cmu
M0764,สมหญิง เรือนคำ,,1993,065-109-3363,2025-09-26,thaphae
M0765,สุภาวดี ใจมา,,1997,090 828 7270,2024-03-05,nimman
M0766,จิราพร บุญมา,F,2008,087 007 1711,2025-10-18,cmu
M0767,ธิดารัตน์ คำมูล,F,1987,+66858113221,2025-06-26,thaphae
M0768,นันทนา ใจดี,F,2003,0960069362,2024-05-14,nimman
M0769,พิมพ์ชนก ยอดเมือง,F,,095-840-0877,2023-05-19,cmu
M0770,จิรายุ จันทร์หอม,,,084-763-3518,2025-08-09,nimman
M0771,กัญญาณัฐ หลวงแสน,,1985,080 704 3998,2025-03-11,thaphae
M0772,อรอุมา ไชยวงศ์,F,1989,082 645 2084,2024-01-31,nimman
M0773,ธนวัฒน์ คำแสน,M,2005,086-940-1691,2024-08-21,cmu
M0774,เบญญาภา เรือนคำ,F,1986,0937503745,2023-10-17,nimman
M0775,สิทธิชัย อุดมศักดิ์,M,1997,099-651-4838,2025-02-14,nimman
M0776,ภาคิน ปันแก้ว,M,1989,+66947778384,2023-07-21,nimman
M0777,ศุภชัย ทาคำ,M,1998,099 994 2088,2024-08-10,nimman
M0778,ศิริพร สุวรรณรัตน์,F,1994,+66809944435,2024-01-26,thaphae
M0779,จิราพร วงศ์ใหญ่,F,2000,+66912745714,2023-02-07,nimman
M0780,พงศกร วงค์ชัย,M,1996,+66822788984,2024-03-02,nimman
M0781,อรอุมา ดวงดี,F,1991,0653213752,2024-08-16,nimman
M0782,จิราพร ทาคำ,F,1988,0655287277,2023-04-15,nimman
M0783,ศิริพร ปิ่นแก้ว,F,2003,0921874201,2023-04-26,cmu
M0784,สมชาย บุญมา,M,2008,087-416-9513,2024-10-18,nimman
M0785,อรอุมา เรือนคำ,F,1997,0676180449,2023-04-09,thaphae
M0786,ศุภชัย แก้วมณี,M,2002,+66987887717,2023-02-22,nimman
M0787,มณีรัตน์ วงศ์ใหญ่,F,2004,092 632 4167,2025-11-12,cmu
M0788,สมหญิง สมบูรณ์,F,2007,0613654157,2023-02-12,cmu
M0789,อรอุมา บุญมา,F,1992,062-019-7253,2023-07-14,thaphae
M0790,ภูมิพัฒน์ ใจดี,M,2000,0934504423,2024-04-09,thaphae
M0791,จิราพร จันทร์แก้ว,F,1992,+66873207328,2023-01-22,thaphae
M0792,เอกชัย ทองดี,M,2008,099 270 1086,2025-03-25,nimman
M0793,เบญญาภา อุดมศักดิ์,F,1991,0900557513,2024-04-30,nimman
M0794,พิมพ์ชนก จันทร์หอม,F,2008,068-760-5167,2024-08-19,cmu
M0795,พัชรินทร์ คำมูล,F,1982,065-084-6936,2023-01-22,nimman
M0796,ณัฐวุฒิ แก้วมณี,M,2002,+66612112576,2025-04-24,nimman
M0797,วรเมธ ศรีสุข,M,2008,060-236-0237,2025-11-18,nimman
M0798,ณัฐธิดา จันทร์หอม,F,2005,082 496 3262,2025-12-04,cmu
M0799,ณัฐวุฒิ เรือนคำ,M,2006,0802160385,2025-01-05,cmu
M0800,กิตติพัฒน์ เรือนคำ,M,1987,+66690253682,2025-09-05,nimman
M0801,สมหญิง วงศ์ใหญ่ ,F,,099-682-8025,2026-02-17,cmu
M0802,ธิดารัตน์  สุวรรณรัตน์,,1993,+66994873272,2026-02-18,nimman
M0803, ปิยะดา ศรีวิชัย,F,2003,0655399170,2026-02-24,cmu
M0804,อนุชา  สมบูรณ์,M,1989,0902227593,2026-03-14,nimman
M0805, นันทนา ธรรมวงศ์,F,2007,087 077 8481,2026-01-27,cmu
M0806,กมลชนก ศักดิ์ดี ,F,2000,082-635-7719,2026-03-26,nimman
M0807, อัญชิสา มอรสิล,F,1991,+66623756044,2026-03-30,nimman
M0808,เอกชัย ปัญญาดี ,M,1992,087-491-6154,2026-02-26,nimman
M0809,อัญชิสา ธรรมวงศ์ ,F,1987,083-750-5883,2026-03-10,nimman
M0810, พงศกร ยอดเมือง,M,2001,0648219793,2026-03-13,thaphae
M0811,จิราพร ศักดิ์ดี ,F,2007,+66825496446,2026-03-19,cmu
M0812,เอกชัย  ธรรมวงศ์,M,1994,099-196-2673,2026-03-15,nimman
M0813,ธนากร  แสงทอง,M,1983,064 614 6694,2026-02-03,nimman
M0814,สมหญิง พรหมมา ,F,1994,0666674930,2026-02-05,nimman
M0815,พิมพ์ชนก พรหมมา ,F,2003,0876516155,2026-01-22,cmu
M0816,เอกชัย คำมูล ,M,1988,083-097-2479,2026-03-04,nimman
